iter	Logloss
0	0.6930577124
1	0.6929285723
2	0.6928193842
3	0.6927222728
4	0.6926351489
5	0.6925528244
6	0.6924567709
7	0.6923429815
8	0.692235525
9	0.6921156011
10	0.6920122088
11	0.6918840763
12	0.691763139
13	0.6916690484
14	0.6915877454
15	0.6914793697
16	0.6913548577
17	0.6912553918
18	0.6911670984
19	0.6910803642
20	0.6909616147
21	0.6908724993
22	0.690769003
23	0.6906595177
24	0.6905721771
25	0.6904861141
26	0.6903684738
27	0.6902468395
28	0.6901398366
29	0.6900312865
