iter	Logloss
0	0.6930550388
1	0.6929182575
2	0.6928040151
3	0.6926908421
4	0.6926030292
5	0.6925191078
6	0.6924199219
7	0.6922951956
8	0.6921801072
9	0.6920560576
10	0.6919454087
11	0.6918111714
12	0.6916733081
13	0.6915753979
14	0.6914900328
15	0.6913770191
16	0.6912473789
17	0.6911383517
18	0.6910454881
19	0.6909517186
20	0.6908205873
21	0.6907184896
22	0.6906012821
23	0.6904802618
24	0.6903878664
25	0.6902950831
26	0.6901746165
27	0.6900457322
28	0.6899306294
29	0.6898188015
